Ad name,Link
ใครบอก ทองชุบ ไม่มีราคา,https://www.tiktok.com/@hialhom/video/7655280480668978440
ลูกค้านำจี้มาขายได้ราคาเกินคาด!,https://www.tiktok.com/@hialhom/video/7659296324004760833
ทองคุณแท้แค่ไหน,https://www.tiktok.com/@hialhom/video/7655194620527250708
ทองเก่า เศษทองอาจได้เงินหมื่น!,https://www.tiktok.com/@hialhom/video/7655197820181384468
OLE' CH -ตามหาทองนพคุณ,https://www.tiktok.com/@oleeo_ch/video/7658624565181975829
fern for Fun เฟิร์น ฟ ฟัน,https://www.tiktok.com/@fern_fernforfun/video/7658881160172391698
เมื่อทองธรรมชาติถูกหลอม,https://www.tiktok.com/@hialhomchonburi/video/7658632915844222215
เข็มขัดเงินเส้นนี้ เดินทางมาไกล,https://www.tiktok.com/@hialhomchonburi/video/7660012985078877447
รูปพรรณก็หลอมได้น้า,https://www.tiktok.com/@hialhomchonburi/video/7658205496268098823
องค์พระที่่ทำเอง อายุกว่า 20 ปี,https://www.tiktok.com/@hialhomchonburi/video/7657836235720805650
กรอบพระเหมือนกัน,https://www.tiktok.com/@gxtmkkhonkaen/video/7650703994095930645
"ลูกค้าถามว่า วงนี้ได้ถึง 3,000 ไหม",https://www.tiktok.com/@gxtmkkhonkaen/video/7648921431538978069
เครื่องประดับเงินสะสมนานกว่า40ปี,https://www.tiktok.com/@gxtmkkhonkaen/video/7660449350585191701
สร้อยข้อมือทอง ลูกค้าต้องการหลอม,https://www.tiktok.com/@gxtmkkhonkaen/video/7643748622345227540
ลูกค้าซื้อสร้อยคอมาจากตลาดนัดมือสอง,https://www.tiktok.com/@gsl52_6395/video/7658614394296929543
มาขายทองที่เฮียหลอมลาดกระบัง 52 ดียังไง,https://www.tiktok.com/@gsl52_6395/video/7658969006568672520
เมื่อลูกค้าซื้อแหวนกับจี้มาจากตลาดมือสอง งบไม่ถึงพัน,https://www.tiktok.com/@gsl52_6395/video/7659671303116311829
มาดูหลอมต่างประเทศกัน,https://www.tiktok.com/@user0812462805/video/7648928517631118613
เล็กเล็กแบบนี้ก็เปลี่ยนเป็นเงินได้,https://www.tiktok.com/@user0812462805/video/7651463386965740820
เปลี่ยนมรดกเก่าเก็บให้เป็นเงินแสนในพริบตา,https://www.tiktok.com/@user0812462805/video/7650421553510976786
รูปประพรรณ 200 กรัม กรอบ 61 กรัม,https://www.tiktok.com/@user0812462805/video/7632601846124678421
จะมากี้ชิ้นที่ร้านก็รับหลอมนะค่ะ,https://www.tiktok.com/@gstk12569gmail.com/video/7654131117901008149
เข็มขัดที่แม่ให้มา อยู่ดีๆก็กลายเป็นเงินแสน,https://www.tiktok.com/@gstk12569gmail.com/video/7652666503778602260
ตำลึงเงินแบบในหนังจีน,https://www.tiktok.com/@gstk12569gmail.com/video/7654132006539808021
ผงอะไร ทำไมได้เงินกลับบ้านถึง 29xxx,https://www.tiktok.com/@gstk12569gmail.com/video/7654154099163778325
ห่วงที่ซื้อมาจาดตลาดนัดมือ2 มาลุ้นกันค่ะได้เท่าไร,"https://www.tiktok.com/@gssr10903/video/7658971452833615122"
กรอบพระ 18k ไปร้านไหนก็ถูกกดราคา,https://www.tiktok.com/@gssr10903/video/7659625800274054408
ทองที่ถูกลืม จะเปลี่ยนเป็นเงินได้ขนาดนี้,https://www.tiktok.com/@gssr10903/video/7658137588624018708
เงินที่ลูกค้าสกัดเองเฮียหลอมก็รับนะคะ,https://www.tiktok.com/@gssr10903/video/7657539264003017992
งานละเอียดขนาดนี้พอเช็คจริงจะมีมูลค่าแค่ไหนน้า,https://www.tiktok.com/@gsstk_2026/video/7657464654138019080
ทองใต้หวันเปอร์เซนต์ดีกว่าทองไทยจริงไหม,https://www.tiktok.com/@gsstk_2026/video/7660122984379632917
ลูกค้าคิดว่าจะได้แค่3-4หมื่น แต่สุดท้ายรับกลับไป50xxx,https://www.tiktok.com/@gsstk_2026/video/7642649715376426248
มาดูการทำงานเตาหลอมไฟฟ้าของทางร้านครับรวดเร็วทันใจ,https://www.tiktok.com/@gsstk_2026/video/7641438715407027464
เงินขาด..แต่มีทองติดตัว ยังไงก็อยู่รอด,https://www.tiktok.com/@gscpk/video/7654447569099050261
ทองเก่าแตกหัก ทองตกยุค หรือไม่ได้ใช้งาน,https://www.tiktok.com/@gscpk/video/7651080810602171669
ทองเก่าอย่าเก็บไว้ให้เสียมูลค่า! นำมาประเมินฟรีที่ เฮียหลอม,https://www.tiktok.com/@gscpk/video/7649234990722485524
สร้อยขาดแบบนี้ ขายแล้วจะโดนกดราคาจริงไหม,https://www.tiktok.com/@herelhomsaveonekarat_/video/7657464749839453441
เศษเงินเก่า พระเก่า มีมูลค่าห้ามทิ้ง,https://www.tiktok.com/@herelhomsaveonekarat_/video/7654469760247188752
เลทเงินแท้มีตำนาน ผ่านมาถึง 3 ร้าน,https://www.tiktok.com/@herelhomsaveonekarat_/video/7654834980115205393
อะไรที่ทำให้คุณยายเดินทางไกลกว่า 100 กิโล,https://www.tiktok.com/@herelhomsaveonekarat_/video/7657794602199502096
กำไลเงินแท้ หรือ แค่ทองแดง มารอลุ้นกันค่ะ,https://www.tiktok.com/@hialhomgsdtk/video/7660363985228811527
เม็ดอะไรน๊าาาา มาลุ้นกันคลิปหน้าค่ะ,https://www.tiktok.com/@hialhomgsdtk/video/7658876666902564114
สร้อยคอนิลปล้อง,https://www.tiktok.com/@hialhomgsdtk/video/7658504296245349640
ได้100 บาท จริงหรอ,https://www.tiktok.com/@hialhomgsdtk/video/7657484159220223239
ขันเก่า พานเก่า จะเปลี่ยนเป็นเงินหมื่นได้จริงหรอ,https://www.tiktok.com/@user966004417147/video/7652652136727121160